{
  "train": {
    "dataset": "Train",
    "accuracy": 0.9454735584105168,
    "precision": 0.9450393650067497,
    "recall": 0.9454735584105168,
    "f1_score": 0.9443723233407576,
    "n_samples": 6694,
    "roc_auc": 0.9915028371215965
  },
  "val": {
    "dataset": "Val",
    "accuracy": 0.8759581881533101,
    "precision": 0.8721520949945323,
    "recall": 0.8759581881533101,
    "f1_score": 0.8733360104341826,
    "n_samples": 1435,
    "roc_auc": 0.9735573256803115
  },
  "test": {
    "dataset": "Test",
    "accuracy": 0.8668989547038327,
    "precision": 0.8610348976987539,
    "recall": 0.8668989547038327,
    "f1_score": 0.862115604599779,
    "n_samples": 1435,
    "roc_auc": 0.9714405741217393
  }
}